{"accuracy": [0.3125], "loss": [1.4229286909103394], "val_accuracy": [0.25], "val_loss": [1.2481597661972046]}