{"accuracy": [0.1875], "loss": [1.295407772064209], "val_accuracy": [0.25], "val_loss": [1.2229793071746826]}