{"accuracy": [0.25], "loss": [1.4182827472686768], "val_accuracy": [0.25], "val_loss": [1.2327303886413574]}