{"accuracy": [0.125], "loss": [1.5678597688674927], "val_accuracy": [0.25], "val_loss": [1.2186402082443237]}