{"accuracy": [0.375], "loss": [1.387402892112732], "val_accuracy": [0.25], "val_loss": [1.2781689167022705]}