{"accuracy": [0.3125], "loss": [1.4976332187652588], "val_accuracy": [0.25], "val_loss": [1.2185178995132446]}