{"accuracy": [0.25], "loss": [1.5330299139022827], "val_accuracy": [0.25], "val_loss": [1.2104456424713135]}