{"accuracy": [0.6805348992347717], "loss": [0.7798665165901184], "val_accuracy": [0.7904191613197327], "val_loss": [0.4581970274448395]}