{"accuracy": [0.375], "loss": [1.2694439888000488], "val_accuracy": [0.25], "val_loss": [1.2440673112869263]}