{"accuracy": [0.7280831933021545], "loss": [0.7118077278137207], "val_accuracy": [0.772455096244812], "val_loss": [0.45665156841278076]}