{"accuracy": [0.25], "loss": [1.3929094076156616], "val_accuracy": [0.25], "val_loss": [1.2633333206176758]}