{"accuracy": [0.7013372778892517], "loss": [0.7528439164161682], "val_accuracy": [0.8502994179725647], "val_loss": [0.3997979164123535]}