{"accuracy": [0.125], "loss": [1.4504953622817993], "val_accuracy": [0.25], "val_loss": [1.2368744611740112]}