{"accuracy": [0.1875], "loss": [1.5270731449127197], "val_accuracy": [0.25], "val_loss": [1.2320826053619385]}