{"accuracy": [0.6716195940971375], "loss": [0.7867430448532104], "val_accuracy": [0.8143712282180786], "val_loss": [0.451393723487854]}