{"accuracy": [0.6255571842193604], "loss": [0.8422637581825256], "val_accuracy": [0.7664670944213867], "val_loss": [0.4886337220668793]}