{"accuracy": [0.1875], "loss": [1.6132214069366455], "val_accuracy": [0.25], "val_loss": [1.2071309089660645]}