{"accuracy": [0.25], "loss": [1.3670456409454346], "val_accuracy": [0.25], "val_loss": [1.2559914588928223]}