{"accuracy": [0.375], "loss": [1.4192403554916382], "val_accuracy": [0.25], "val_loss": [1.2982409000396729]}