{"accuracy": [0.1875], "loss": [1.3747670650482178], "val_accuracy": [0.25], "val_loss": [1.214876413345337]}