{"accuracy": [0.1875], "loss": [1.3556904792785645], "val_accuracy": [0.25], "val_loss": [1.2980209589004517]}