{"accuracy": [0.1875], "loss": [1.3623909950256348], "val_accuracy": [0.25], "val_loss": [1.2133746147155762]}