{"accuracy": [0.1875], "loss": [1.4819765090942383], "val_accuracy": [0.25], "val_loss": [1.2531360387802124]}